tipo_veiculo,codigo_fipe,nome_modelo,nome_marca,nome_combustivel,sigla_combustivel,ano_modelo,zero_km,valor_centavos,valor_formatado,mes_referencia,ano_referencia
carro,004511-0,ONIX HATCH 1.0 12V TB Flex 5p Aut.,GM - Chevrolet,Flex,f,2021.0,False,6534100,"R$ 65.341,00",7,2026
carro,073031-9,ARRIZO 5 RXS 1.5 Turbo Flex Aut.,Caoa Chery/Chery,Flex,f,2021.0,False,6655800,"R$ 66.558,00",7,2026
carro,004499-7,ONIX SEDAN Plus 1.0 12V TB Flex Aut.,GM - Chevrolet,Flex,f,2021.0,False,6686000,"R$ 66.860,00",7,2026
carro,004514-4,ONIX HATCH LT 1.0 12V TB Flex 5p Aut.,GM - Chevrolet,Flex,f,2021.0,False,6730900,"R$ 67.309,00",7,2026
carro,004501-2,ONIX SEDAN Plus LT 1.0 12V TB Flex Aut.,GM - Chevrolet,Flex,f,2021.0,False,6740900,"R$ 67.409,00",7,2026
carro,004511-0,ONIX HATCH 1.0 12V TB Flex 5p Aut.,GM - Chevrolet,Flex,f,2022.0,False,6742900,"R$ 67.429,00",7,2026
carro,004502-0,ONIX SEDAN Plus LTZ 1.0 12V TB Flex Aut.,GM - Chevrolet,Flex,f,2021.0,False,6752100,"R$ 67.521,00",7,2026
carro,004515-2,ONIX HATCH LTZ 1.0 12V TB Flex 5p Aut.,GM - Chevrolet,Flex,f,2021.0,False,6789900,"R$ 67.899,00",7,2026
carro,073026-2,ARRIZO 5 RT 1.5 Turbo Flex Aut.,Caoa Chery/Chery,Flex,f,2021.0,False,6887400,"R$ 68.874,00",7,2026
carro,015210-2,HB20 Vision 1.0 TB Flex 12V Aut.,Hyundai,Flex,f,2022.0,False,7015800,"R$ 70.158,00",7,2026
carro,004511-0,ONIX HATCH 1.0 12V TB Flex 5p Aut.,GM - Chevrolet,Flex,f,2023.0,False,7038300,"R$ 70.383,00",7,2026
carro,004499-7,ONIX SEDAN Plus 1.0 12V TB Flex Aut.,GM - Chevrolet,Flex,f,2022.0,False,7057100,"R$ 70.571,00",7,2026
carro,004514-4,ONIX HATCH LT 1.0 12V TB Flex 5p Aut.,GM - Chevrolet,Flex,f,2022.0,False,7078200,"R$ 70.782,00",7,2026
carro,093001-6,Tiggo 3X Plus 1.0 Turbo Flex Aut.,Caoa Chery,Flex,f,2022.0,False,7090400,"R$ 70.904,00",7,2026
carro,004515-2,ONIX HATCH LTZ 1.0 12V TB Flex 5p Aut.,GM - Chevrolet,Flex,f,2022.0,False,7093200,"R$ 70.932,00",7,2026
carro,004516-0,ONIX HATCH PREM. 1.0 12V TB Flex 5p Aut.,GM - Chevrolet,Flex,f,2021.0,False,7105700,"R$ 71.057,00",7,2026
carro,004501-2,ONIX SEDAN Plus LT 1.0 12V TB Flex Aut.,GM - Chevrolet,Flex,f,2022.0,False,7154200,"R$ 71.542,00",7,2026
carro,093002-4,Tiggo 3X Pro 1.0 Turbo Flex Aut.,Caoa Chery,Flex,f,2022.0,False,7205500,"R$ 72.055,00",7,2026
carro,004530-6,ONIX HATCH RS 1.0 TB 12V Flex 5p Aut.,GM - Chevrolet,Flex,f,2021.0,False,7209200,"R$ 72.092,00",7,2026
carro,015211-0,HB20S Vision 1.0 TB Flex 12V Aut.,Hyundai,Flex,f,2022.0,False,7217700,"R$ 72.177,00",7,2026
carro,073021-1,ARRIZO 5 RXT 1.5 16V Turbo Flex Aut.,Caoa Chery/Chery,Flex,f,2021.0,False,7255800,"R$ 72.558,00",7,2026
carro,015170-0,HB20 Evolution 1.0 TB Flex 12V Aut.,Hyundai,Flex,f,2021.0,False,7256400,"R$ 72.564,00",7,2026
carro,093001-6,Tiggo 3X Plus 1.0 Turbo Flex Aut.,Caoa Chery,Flex,f,2023.0,False,7279300,"R$ 72.793,00",7,2026
carro,004516-0,ONIX HATCH PREM. 1.0 12V TB Flex 5p Aut.,GM - Chevrolet,Flex,f,2022.0,False,7314400,"R$ 73.144,00",7,2026
carro,093002-4,Tiggo 3X Pro 1.0 Turbo Flex Aut.,Caoa Chery,Flex,f,2023.0,False,7396300,"R$ 73.963,00",7,2026
carro,004502-0,ONIX SEDAN Plus LTZ 1.0 12V TB Flex Aut.,GM - Chevrolet,Flex,f,2022.0,False,7401000,"R$ 74.010,00",7,2026
carro,004514-4,ONIX HATCH LT 1.0 12V TB Flex 5p Aut.,GM - Chevrolet,Flex,f,2023.0,False,7425100,"R$ 74.251,00",7,2026
carro,015170-0,HB20 Evolution 1.0 TB Flex 12V Aut.,Hyundai,Flex,f,2022.0,False,7450200,"R$ 74.502,00",7,2026
carro,004499-7,ONIX SEDAN Plus 1.0 12V TB Flex Aut.,GM - Chevrolet,Flex,f,2023.0,False,7455800,"R$ 74.558,00",7,2026
carro,073027-0,ARRIZO 5 RTS 1.5 Turbo Flex Aut.,Caoa Chery/Chery,Flex,f,2021.0,False,7466000,"R$ 74.660,00",7,2026
carro,015178-5,HB20S Evolution 1.0 TB Flex 12V Aut.,Hyundai,Flex,f,2021.0,False,7471400,"R$ 74.714,00",7,2026
carro,004501-2,ONIX SEDAN Plus LT 1.0 12V TB Flex Aut.,GM - Chevrolet,Flex,f,2023.0,False,7493300,"R$ 74.933,00",7,2026
carro,015192-0,HB20 Evol. Bluelink 1.0 TB Flex 12V Aut.,Hyundai,Flex,f,2022.0,False,7494900,"R$ 74.949,00",7,2026
carro,015241-2,HB20 Sense 1.0 Turbo Flex 12V Aut.,Hyundai,Flex,f,2024.0,False,7506500,"R$ 75.065,00",7,2026
carro,015171-8,HB20 Diamond 1.0 TB Flex 12V Aut.,Hyundai,Flex,f,2021.0,False,7554100,"R$ 75.541,00",7,2026
carro,015172-6,HB20 Diamond Plus 1.0 TB Flex 12V Aut.,Hyundai,Flex,f,2021.0,False,7577000,"R$ 75.770,00",7,2026
carro,004511-0,ONIX HATCH 1.0 12V TB Flex 5p Aut.,GM - Chevrolet,Flex,f,2024.0,False,7599800,"R$ 75.998,00",7,2026
carro,004502-0,ONIX SEDAN Plus LTZ 1.0 12V TB Flex Aut.,GM - Chevrolet,Flex,f,2023.0,False,7619600,"R$ 76.196,00",7,2026
carro,004530-6,ONIX HATCH RS 1.0 TB 12V Flex 5p Aut.,GM - Chevrolet,Flex,f,2022.0,False,7632300,"R$ 76.323,00",7,2026
carro,015208-0,HB20 Platinum Plus 1.0 TB Flex 12V Aut.,Hyundai,Flex,f,2022.0,False,7645300,"R$ 76.453,00",7,2026
carro,015187-4,HB20 Sport 1.0 TB Flex 12V Aut.,Hyundai,Flex,f,2021.0,False,7655700,"R$ 76.557,00",7,2026
carro,015178-5,HB20S Evolution 1.0 TB Flex 12V Aut.,Hyundai,Flex,f,2022.0,False,7658200,"R$ 76.582,00",7,2026
carro,011196-1,C4 CACTUS SHINE 1.6 Turbo Flex Aut.,Citroën,Flex,f,2021.0,False,7678600,"R$ 76.786,00",7,2026
carro,015225-0,HB20 Edição Especial 1.0 TB Flex Aut.,Hyundai,Flex,f,2023.0,False,7688200,"R$ 76.882,00",7,2026
carro,024246-2,2008 Griffe 1.6 Turbo Flex 16V 5p Aut.,Peugeot,Flex,f,2021.0,False,7754100,"R$ 77.541,00",7,2026
carro,015209-9,HB20 Platinum 1.0 TB Flex 12V Aut.,Hyundai,Flex,f,2022.0,False,7757800,"R$ 77.578,00",7,2026
carro,015180-7,HB20S Diamond Plus 1.0 TB Flex 12V Aut.,Hyundai,Flex,f,2021.0,False,7794300,"R$ 77.943,00",7,2026
carro,080029-5,T60 PLUS 1.5 TURBO 16V 5p Aut.,JAC,Gasolina,g,2021.0,False,7809600,"R$ 78.096,00",7,2026
carro,015206-4,HB20S Platinum 1.0 TB Flex 12V Aut.,Hyundai,Flex,f,2022.0,False,7833800,"R$ 78.338,00",7,2026
carro,015217-0,HB20S Comfort 1.0 TB Flex 12V Aut.,Hyundai,Flex,f,2023.0,False,7866900,"R$ 78.669,00",7,2026
carro,011195-3,C4 CACTUS SHINE Pack 1.6 Turbo Flex Aut.,Citroën,Flex,f,2021.0,False,7876700,"R$ 78.767,00",7,2026
carro,005477-1,Polo Comfort. 200 TSI 1.0 Flex 12V Aut.,VW - VolksWagen,Flex,f,2021.0,False,7889200,"R$ 78.892,00",7,2026
carro,015227-7,HB20S Edição Especial 1.0 TB Flex Aut.,Hyundai,Flex,f,2023.0,False,7897000,"R$ 78.970,00",7,2026
carro,015222-6,HB20 Copa Mundo Qatar 1.0 TB Flex Aut.,Hyundai,Flex,f,2023.0,False,7926600,"R$ 79.266,00",7,2026
carro,015179-3,HB20S Diamond 1.0 TB Flex 12V Aut.,Hyundai,Flex,f,2021.0,False,7950700,"R$ 79.507,00",7,2026
carro,015187-4,HB20 Sport 1.0 TB Flex 12V Aut.,Hyundai,Flex,f,2022.0,False,8024200,"R$ 80.242,00",7,2026
carro,015205-6,HB20S Platinum Plus 1.0 TB Flex 12V Aut.,Hyundai,Flex,f,2022.0,False,8026400,"R$ 80.264,00",7,2026
carro,024252-7,2008 SKYWALKER 1.6 Turbo Flex 16V Aut.,Peugeot,Flex,f,2022.0,False,8060900,"R$ 80.609,00",7,2026
carro,024246-2,2008 Griffe 1.6 Turbo Flex 16V 5p Aut.,Peugeot,Flex,f,2022.0,False,8087200,"R$ 80.872,00",7,2026
carro,004515-2,ONIX HATCH LTZ 1.0 12V TB Flex 5p Aut.,GM - Chevrolet,Flex,f,2023.0,False,8090800,"R$ 80.908,00",7,2026
carro,073028-9,ARRIZO 6 GSX 1.5 Turbo Flex Aut.,Caoa Chery/Chery,Flex,f,2021.0,False,8111300,"R$ 81.113,00",7,2026
carro,004516-0,ONIX HATCH PREM. 1.0 12V TB Flex 5p Aut.,GM - Chevrolet,Flex,f,2023.0,False,8116800,"R$ 81.168,00",7,2026
carro,015171-8,HB20 Diamond 1.0 TB Flex 12V Aut.,Hyundai,Flex,f,2022.0,False,8117800,"R$ 81.178,00",7,2026
carro,004530-6,ONIX HATCH RS 1.0 TB 12V Flex 5p Aut.,GM - Chevrolet,Flex,f,2023.0,False,8119200,"R$ 81.192,00",7,2026
carro,015172-6,HB20 Diamond Plus 1.0 TB Flex 12V Aut.,Hyundai,Flex,f,2022.0,False,8125500,"R$ 81.255,00",7,2026
carro,011187-2,C4 LOUNGE Shine 1.6 Turbo Flex Aut.,Citroën,Flex,f,2021.0,False,8135600,"R$ 81.356,00",7,2026
carro,015179-3,HB20S Diamond 1.0 TB Flex 12V Aut.,Hyundai,Flex,f,2022.0,False,8149500,"R$ 81.495,00",7,2026
carro,004499-7,ONIX SEDAN Plus 1.0 12V TB Flex Aut.,GM - Chevrolet,Flex,f,2024.0,False,8209800,"R$ 82.098,00",7,2026
carro,011195-3,C4 CACTUS SHINE Pack 1.6 Turbo Flex Aut.,Citroën,Flex,f,2022.0,False,8232300,"R$ 82.323,00",7,2026
carro,073023-8,Tiggo 5X T 1.5 16V Turbo Flex Aut.,Caoa Chery/Chery,Flex,f,2021.0,False,8238700,"R$ 82.387,00",7,2026
carro,025308-1,CAPTUR Zen 1.3 TB 16V Flex 5p Aut.,Renault,Flex,f,2021.0,False,8245000,"R$ 82.450,00",7,2026
carro,004514-4,ONIX HATCH LT 1.0 12V TB Flex 5p Aut.,GM - Chevrolet,Flex,f,2024.0,False,8250600,"R$ 82.506,00",7,2026
carro,004501-2,ONIX SEDAN Plus LT 1.0 12V TB Flex Aut.,GM - Chevrolet,Flex,f,2024.0,False,8255100,"R$ 82.551,00",7,2026
carro,004502-0,ONIX SEDAN Plus LTZ 1.0 12V TB Flex Aut.,GM - Chevrolet,Flex,f,2024.0,False,8265800,"R$ 82.658,00",7,2026
carro,004511-0,ONIX HATCH 1.0 12V TB Flex 5p Aut.,GM - Chevrolet,Flex,f,2025.0,False,8312100,"R$ 83.121,00",7,2026
carro,080024-4,T60 1.5 Turbo 16V Aut.,JAC,Gasolina,g,2021.0,False,8345400,"R$ 83.454,00",7,2026
carro,005535-2,Polo Comfortline TSI 1.0 Flex 12V Aut.,VW - VolksWagen,Flex,f,2023.0,False,8427200,"R$ 84.272,00",7,2026
carro,015221-8,HB20S Copa Mundo Qatar 1.0 TB Flex Aut.,Hyundai,Flex,f,2023.0,False,8465800,"R$ 84.658,00",7,2026
carro,005477-1,Polo Comfort. 200 TSI 1.0 Flex 12V Aut.,VW - VolksWagen,Flex,f,2022.0,False,8470600,"R$ 84.706,00",7,2026
carro,001543-1,PULSE DRIVE 1.0 Turbo 200 Flex Aut.,Fiat,Flex,f,2022.0,False,8505200,"R$ 85.052,00",7,2026
carro,005476-3,Polo Highline 200 TSI 1.0 Flex 12V Aut.,VW - VolksWagen,Flex,f,2021.0,False,8530600,"R$ 85.306,00",7,2026
carro,015236-6,HB20 Comfort Plus 1.0 TB Flex 12V Aut.,Hyundai,Flex,f,2024.0,False,8573800,"R$ 85.738,00",7,2026
carro,004526-8,TRACKER 1.0 Turbo 12V Flex Aut. ,GM - Chevrolet,Flex,f,2021.0,False,8588100,"R$ 85.881,00",7,2026
carro,024266-7,2008 Style 1.6 Turbo Flex 16V 5p Aut.,Peugeot,Flex,f,2023.0,False,8598200,"R$ 85.982,00",7,2026
carro,015217-0,HB20S Comfort 1.0 TB Flex 12V Aut.,Hyundai,Flex,f,2024.0,False,8599300,"R$ 85.993,00",7,2026
carro,004522-5,TRACKER LT 1.0 Turbo 12V Flex Aut.,GM - Chevrolet,Flex,f,2021.0,False,8600200,"R$ 86.002,00",7,2026
carro,080029-5,T60 PLUS 1.5 TURBO 16V 5p Aut.,JAC,Gasolina,g,2022.0,False,8642700,"R$ 86.427,00",7,2026
carro,004515-2,ONIX HATCH LTZ 1.0 12V TB Flex 5p Aut.,GM - Chevrolet,Flex,f,2024.0,False,8646700,"R$ 86.467,00",7,2026
carro,024273-0,208 Allure 1.0 Turbo Flex 5p Aut.,Peugeot,Flex,f,2024.0,False,8672100,"R$ 86.721,00",7,2026
carro,005520-4,T-Cross Sense 200 TSI 1.0 Flex 5p Aut.,VW - VolksWagen,Flex,f,2021.0,False,8682300,"R$ 86.823,00",7,2026
carro,015209-9,HB20 Platinum 1.0 TB Flex 12V Aut.,Hyundai,Flex,f,2023.0,False,8718700,"R$ 87.187,00",7,2026
carro,025307-3,CAPTUR Intense 1.3 TB 16V Flex 5p Aut.,Renault,Flex,f,2021.0,False,8726500,"R$ 87.265,00",7,2026
carro,015208-0,HB20 Platinum Plus 1.0 TB Flex 12V Aut.,Hyundai,Flex,f,2023.0,False,8726600,"R$ 87.266,00",7,2026
carro,001543-1,PULSE DRIVE 1.0 Turbo 200 Flex Aut.,Fiat,Flex,f,2023.0,False,8728400,"R$ 87.284,00",7,2026
carro,005543-3,VIRTUS TSI 1.0 Flex 12V 4p Aut.,VW - VolksWagen,Flex,f,2023.0,False,8730400,"R$ 87.304,00",7,2026
carro,005476-3,Polo Highline 200 TSI 1.0 Flex 12V Aut.,VW - VolksWagen,Flex,f,2022.0,False,8743900,"R$ 87.439,00",7,2026
carro,001542-3,PULSE AUDACE 1.0 Turbo 200 Flex Aut.,Fiat,Flex,f,2022.0,False,8770000,"R$ 87.700,00",7,2026
carro,024272-1,208 Style 1.0 Turbo Flex 5p Aut.,Peugeot,Flex,f,2024.0,False,8777100,"R$ 87.771,00",7,2026
carro,073022-0,Tiggo 5X TXS 1.5 16V Turbo Flex Aut.,Caoa Chery/Chery,Flex,f,2021.0,False,8791100,"R$ 87.911,00",7,2026
carro,004532-2,TRACKER LTZ 1.0 Turbo 12V Flex Aut.,GM - Chevrolet,Flex,f,2021.0,False,8801100,"R$ 88.011,00",7,2026
carro,025310-3,DUSTER Iconic 1.3 TB 16V Flex Aut.,Renault,Flex,f,2022.0,False,8850700,"R$ 88.507,00",7,2026
carro,004530-6,ONIX HATCH RS 1.0 TB 12V Flex 5p Aut.,GM - Chevrolet,Flex,f,2024.0,False,8852900,"R$ 88.529,00",7,2026
carro,073028-9,ARRIZO 6 GSX 1.5 Turbo Flex Aut.,Caoa Chery/Chery,Flex,f,2022.0,False,8855200,"R$ 88.552,00",7,2026
carro,024266-7,2008 Style 1.6 Turbo Flex 16V 5p Aut.,Peugeot,Flex,f,2024.0,False,8885400,"R$ 88.854,00",7,2026
carro,024246-2,2008 Griffe 1.6 Turbo Flex 16V 5p Aut.,Peugeot,Flex,f,2023.0,False,8890100,"R$ 88.901,00",7,2026
carro,025306-5,CAPTUR Iconic 1.3 TB 16V Flex 5p Aut.,Renault,Flex,f,2021.0,False,8915800,"R$ 89.158,00",7,2026
carro,005535-2,Polo Comfortline TSI 1.0 Flex 12V Aut.,VW - VolksWagen,Flex,f,2024.0,False,8915800,"R$ 89.158,00",7,2026
carro,025308-1,CAPTUR Zen 1.3 TB 16V Flex 5p Aut.,Renault,Flex,f,2022.0,False,8928700,"R$ 89.287,00",7,2026
carro,025307-3,CAPTUR Intense 1.3 TB 16V Flex 5p Aut.,Renault,Flex,f,2022.0,False,8944700,"R$ 89.447,00",7,2026
carro,015206-4,HB20S Platinum 1.0 TB Flex 12V Aut.,Hyundai,Flex,f,2023.0,False,8963900,"R$ 89.639,00",7,2026
carro,011231-3,AIRCROSS F. Pack 1.0 Flex TB 200 Aut.,Citroën,Flex,f,2024.0,False,9004300,"R$ 90.043,00",7,2026
carro,073023-8,Tiggo 5X T 1.5 16V Turbo Flex Aut.,Caoa Chery/Chery,Flex,f,2022.0,False,9029300,"R$ 90.293,00",7,2026
carro,011195-3,C4 CACTUS SHINE Pack 1.6 Turbo Flex Aut.,Citroën,Flex,f,2023.0,False,9053900,"R$ 90.539,00",7,2026
carro,011232-1,AIRCROSS Feel 1.0 Flex Turbo 200 Aut.,Citroën,Flex,f,2024.0,False,9055200,"R$ 90.552,00",7,2026
carro,005520-4,T-Cross Sense 200 TSI 1.0 Flex 5p Aut.,VW - VolksWagen,Flex,f,2022.0,False,9075000,"R$ 90.750,00",7,2026
carro,073024-6,Tiggo 7 T 1.5 16V Turbo Flex Aut.,Caoa Chery/Chery,Flex,f,2021.0,False,9075100,"R$ 90.751,00",7,2026
carro,004526-8,TRACKER 1.0 Turbo 12V Flex Aut. ,GM - Chevrolet,Flex,f,2022.0,False,9093700,"R$ 90.937,00",7,2026
carro,004516-0,ONIX HATCH PREM. 1.0 12V TB Flex 5p Aut.,GM - Chevrolet,Flex,f,2024.0,False,9098400,"R$ 90.984,00",7,2026
carro,025306-5,CAPTUR Iconic 1.3 TB 16V Flex 5p Aut.,Renault,Flex,f,2022.0,False,9138700,"R$ 91.387,00",7,2026
carro,073022-0,Tiggo 5X TXS 1.5 16V Turbo Flex Aut.,Caoa Chery/Chery,Flex,f,2022.0,False,9150100,"R$ 91.501,00",7,2026
carro,015205-6,HB20S Platinum Plus 1.0 TB Flex 12V Aut.,Hyundai,Flex,f,2023.0,False,9153100,"R$ 91.531,00",7,2026
carro,004522-5,TRACKER LT 1.0 Turbo 12V Flex Aut.,GM - Chevrolet,Flex,f,2022.0,False,9161800,"R$ 91.618,00",7,2026
carro,015236-6,HB20 Comfort Plus 1.0 TB Flex 12V Aut.,Hyundai,Flex,f,2025.0,False,9162400,"R$ 91.624,00",7,2026
carro,025308-1,CAPTUR Zen 1.3 TB 16V Flex 5p Aut.,Renault,Flex,f,2023.0,False,9176600,"R$ 91.766,00",7,2026
carro,015233-1,HB20 Plat. Safety 1.0 TB Flex 12V Aut.,Hyundai,Flex,f,2024.0,False,9181400,"R$ 91.814,00",7,2026
carro,004499-7,ONIX SEDAN Plus 1.0 12V TB Flex Aut.,GM - Chevrolet,Flex,f,2025.0,False,9191600,"R$ 91.916,00",7,2026
carro,005510-7,T-Cross 200 TSI 1.0  Flex 12V 5p Aut.,VW - VolksWagen,Flex,f,2021.0,False,9194900,"R$ 91.949,00",7,2026
carro,004532-2,TRACKER LTZ 1.0 Turbo 12V Flex Aut.,GM - Chevrolet,Flex,f,2022.0,False,9204500,"R$ 92.045,00",7,2026
carro,015209-9,HB20 Platinum 1.0 TB Flex 12V Aut.,Hyundai,Flex,f,2024.0,False,9206400,"R$ 92.064,00",7,2026
carro,004511-0,ONIX HATCH 1.0 12V TB Flex 5p Aut.,GM - Chevrolet,Flex,f,2026.0,False,9208300,"R$ 92.083,00",7,2026
carro,004501-2,ONIX SEDAN Plus LT 1.0 12V TB Flex Aut.,GM - Chevrolet,Flex,f,2025.0,False,9217000,"R$ 92.170,00",7,2026
carro,004502-0,ONIX SEDAN Plus LTZ 1.0 12V TB Flex Aut.,GM - Chevrolet,Flex,f,2025.0,False,9275100,"R$ 92.751,00",7,2026
carro,025307-3,CAPTUR Intense 1.3 TB 16V Flex 5p Aut.,Renault,Flex,f,2023.0,False,9299900,"R$ 92.999,00",7,2026
carro,005536-0,Polo Highline TSI 1.0 Flex 12V Aut.,VW - VolksWagen,Flex,f,2023.0,False,9306900,"R$ 93.069,00",7,2026
carro,004533-0,TRACKER Premier 1.0 Turbo 12V Flex Aut.,GM - Chevrolet,Flex,f,2021.0,False,9325300,"R$ 93.253,00",7,2026
carro,004526-8,TRACKER 1.0 Turbo 12V Flex Aut. ,GM - Chevrolet,Flex,f,2023.0,False,9351700,"R$ 93.517,00",7,2026
carro,073025-4,Tiggo 7 TXS 1.5 16V Turbo Flex Aut.,Caoa Chery/Chery,Flex,f,2021.0,False,9353100,"R$ 93.531,00",7,2026
carro,025327-8,Kardian Evolut. Flex 1.0 TB 12V 5p Aut.,Renault,Flex,f,2024.0,False,9363200,"R$ 93.632,00",7,2026
carro,004524-1,TRACKER 1.2 Turbo 12V Flex Aut.,GM - Chevrolet,Flex,f,2021.0,False,9367900,"R$ 93.679,00",7,2026
carro,004514-4,ONIX HATCH LT 1.0 12V TB Flex 5p Aut.,GM - Chevrolet,Flex,f,2025.0,False,9400200,"R$ 94.002,00",7,2026
carro,011237-2,C3 YOU! 1.0 Flex Turbo 200 Aut.,Citroën,Flex,f,2025.0,False,9403600,"R$ 94.036,00",7,2026
carro,015208-0,HB20 Platinum Plus 1.0 TB Flex 12V Aut.,Hyundai,Flex,f,2024.0,False,9403900,"R$ 94.039,00",7,2026
carro,001542-3,PULSE AUDACE 1.0 Turbo 200 Flex Aut.,Fiat,Flex,f,2023.0,False,9405600,"R$ 94.056,00",7,2026
carro,004522-5,TRACKER LT 1.0 Turbo 12V Flex Aut.,GM - Chevrolet,Flex,f,2023.0,False,9409200,"R$ 94.092,00",7,2026
carro,004523-3,TRACKER LTZ 1.2 Turbo 12V Flex Aut.,GM - Chevrolet,Flex,f,2021.0,False,9422800,"R$ 94.228,00",7,2026
carro,093003-2,ARRIZO 6  PRO 1.5 Turbo Flex Aut.,Caoa Chery,Flex,f,2022.0,False,9434700,"R$ 94.347,00",7,2026
carro,004478-4,CRUZE Sport LT 1.4 16V TB Flex 5p Aut.,GM - Chevrolet,Flex,f,2021.0,False,9448500,"R$ 94.485,00",7,2026
carro,017085-2,Renegade Sport T270 1.3 TB 4x2 Flex Aut.,Jeep,Flex,f,2022.0,False,9449600,"R$ 94.496,00",7,2026
carro,004470-9,CRUZE LT 1.4 16V Turbo Flex 4p Aut.,GM - Chevrolet,Flex,f,2021.0,False,9452100,"R$ 94.521,00",7,2026
carro,025306-5,CAPTUR Iconic 1.3 TB 16V Flex 5p Aut.,Renault,Flex,f,2023.0,False,9452100,"R$ 94.521,00",7,2026
carro,005520-4,T-Cross Sense 200 TSI 1.0 Flex 5p Aut.,VW - VolksWagen,Flex,f,2023.0,False,9461800,"R$ 94.618,00",7,2026
carro,024271-3,208 Griffe 1.0 Turbo Flex 5p Aut.,Peugeot,Flex,f,2024.0,False,9476700,"R$ 94.767,00",7,2026
carro,028071-2,S-CROSS 4STYLE ALLGRIP 1.4 TB 16V Aut.,Suzuki,Gasolina,g,2021.0,False,9493900,"R$ 94.939,00",7,2026
carro,025310-3,DUSTER Iconic 1.3 TB 16V Flex Aut.,Renault,Flex,f,2023.0,False,9510100,"R$ 95.101,00",7,2026
carro,011239-9,BASALT Feel 1.0 Flex TB 200 5p Aut.,Citroën,Flex,f,2025.0,False,9510500,"R$ 95.105,00",7,2026
carro,005525-5,Nivus Comfortline 1.0 200 TSI Flex Aut.,VW - VolksWagen,Flex,f,2021.0,False,9528300,"R$ 95.283,00",7,2026
carro,025328-6,Kardian Techno Flex 1.0 TB 12V 5p Aut.,Renault,Flex,f,2024.0,False,9563200,"R$ 95.632,00",7,2026
carro,093005-9,Tiggo 5X PRO 1.5 Turbo Flex Aut.,Caoa Chery,Flex,f,2022.0,False,9591100,"R$ 95.911,00",7,2026
carro,015233-1,HB20 Plat. Safety 1.0 TB Flex 12V Aut.,Hyundai,Flex,f,2025.0,False,9592600,"R$ 95.926,00",7,2026
carro,005543-3,VIRTUS TSI 1.0 Flex 12V 4p Aut.,VW - VolksWagen,Flex,f,2024.0,False,9593300,"R$ 95.933,00",7,2026
carro,001546-6,PULSE IMPETUS 1.0 TURBO 200 Flex Aut.,Fiat,Flex,f,2022.0,False,9599200,"R$ 95.992,00",7,2026
carro,004515-2,ONIX HATCH LTZ 1.0 12V TB Flex 5p Aut.,GM - Chevrolet,Flex,f,2025.0,False,9610400,"R$ 96.104,00",7,2026
carro,017092-5,Renegade T270 1.3 TB 4x2 Flex Aut.,Jeep,Flex,f,2023.0,False,9612400,"R$ 96.124,00",7,2026
carro,025327-8,Kardian Evolut. Flex 1.0 TB 12V 5p Aut.,Renault,Flex,f,2025.0,False,9617300,"R$ 96.173,00",7,2026
carro,005510-7,T-Cross 200 TSI 1.0  Flex 12V 5p Aut.,VW - VolksWagen,Flex,f,2022.0,False,9657200,"R$ 96.572,00",7,2026
carro,011237-2,C3 YOU! 1.0 Flex Turbo 200 Aut.,Citroën,Flex,f,2026.0,False,9668700,"R$ 96.687,00",7,2026
carro,015238-2,HB20S Plat. Safety 1.0 TB Flex 12V Aut.,Hyundai,Flex,f,2024.0,False,9673300,"R$ 96.733,00",7,2026
carro,011232-1,AIRCROSS Feel 1.0 Flex Turbo 200 Aut.,Citroën,Flex,f,2025.0,False,9673700,"R$ 96.737,00",7,2026
carro,024273-0,208 Allure 1.0 Turbo Flex 5p Aut.,Peugeot,Flex,f,2025.0,False,9676400,"R$ 96.764,00",7,2026
carro,004516-0,ONIX HATCH PREM. 1.0 12V TB Flex 5p Aut.,GM - Chevrolet,Flex,f,2025.0,False,9683200,"R$ 96.832,00",7,2026
carro,011234-8,AIRCROSS7 Feel 1.0 Flex TB. 200 Aut.,Citroën,Flex,f,2025.0,False,9685400,"R$ 96.854,00",7,2026
carro,015206-4,HB20S Platinum 1.0 TB Flex 12V Aut.,Hyundai,Flex,f,2024.0,False,9685400,"R$ 96.854,00",7,2026
carro,005536-0,Polo Highline TSI 1.0 Flex 12V Aut.,VW - VolksWagen,Flex,f,2024.0,False,9692200,"R$ 96.922,00",7,2026
carro,004532-2,TRACKER LTZ 1.0 Turbo 12V Flex Aut.,GM - Chevrolet,Flex,f,2023.0,False,9721400,"R$ 97.214,00",7,2026
carro,024287-0,208 Active 1.0 Turbo 200 5p Aut.,Peugeot,Flex,f,2026.0,False,9738400,"R$ 97.384,00",7,2026
carro,015205-6,HB20S Platinum Plus 1.0 TB Flex 12V Aut.,Hyundai,Flex,f,2024.0,False,9751200,"R$ 97.512,00",7,2026
carro,005509-3,T-Cross Comfor. 200 TSI 1.0 Flex 5p Aut.,VW - VolksWagen,Flex,f,2021.0,False,9752000,"R$ 97.520,00",7,2026
carro,005525-5,Nivus Comfortline 1.0 200 TSI Flex Aut.,VW - VolksWagen,Flex,f,2022.0,False,9766600,"R$ 97.666,00",7,2026
carro,004530-6,ONIX HATCH RS 1.0 TB 12V Flex 5p Aut.,GM - Chevrolet,Flex,f,2025.0,False,9780200,"R$ 97.802,00",7,2026
carro,004514-4,ONIX HATCH LT 1.0 12V TB Flex 5p Aut.,GM - Chevrolet,Flex,f,2026.0,False,9780300,"R$ 97.803,00",7,2026
carro,005535-2,Polo Comfortline TSI 1.0 Flex 12V Aut.,VW - VolksWagen,Flex,f,2025.0,False,9785600,"R$ 97.856,00",7,2026
carro,011236-4,AIRCROSS7 Shine 1.0 Flex TB 200 Aut.,Citroën,Flex,f,2024.0,False,9792000,"R$ 97.920,00",7,2026
carro,017088-7,Renegade Long. T270 1.3 TB 4x2 Flex Aut.,Jeep,Flex,f,2022.0,False,9802400,"R$ 98.024,00",7,2026
carro,073024-6,Tiggo 7 T 1.5 16V Turbo Flex Aut.,Caoa Chery/Chery,Flex,f,2022.0,False,9818800,"R$ 98.188,00",7,2026
carro,025328-6,Kardian Techno Flex 1.0 TB 12V 5p Aut.,Renault,Flex,f,2025.0,False,9826500,"R$ 98.265,00",7,2026
carro,004478-4,CRUZE Sport LT 1.4 16V TB Flex 5p Aut.,GM - Chevrolet,Flex,f,2022.0,False,9834800,"R$ 98.348,00",7,2026
carro,004533-0,TRACKER Premier 1.0 Turbo 12V Flex Aut.,GM - Chevrolet,Flex,f,2022.0,False,9840100,"R$ 98.401,00",7,2026
carro,011240-2,BASALT Shine 1.0 Flex TB 200 5p Aut.,Citroën,Flex,f,2025.0,False,9840400,"R$ 98.404,00",7,2026
carro,011195-3,C4 CACTUS SHINE Pack 1.6 Turbo Flex Aut.,Citroën,Flex,f,2024.0,False,9855900,"R$ 98.559,00",7,2026
carro,004470-9,CRUZE LT 1.4 16V Turbo Flex 4p Aut.,GM - Chevrolet,Flex,f,2022.0,False,9856200,"R$ 98.562,00",7,2026
carro,025311-1,OROCH Outsider 1.3Tce Flex Aut.,Renault,Flex,f,2023.0,False,9892700,"R$ 98.927,00",7,2026
carro,001542-3,PULSE AUDACE 1.0 Turbo 200 Flex Aut.,Fiat,Flex,f,2024.0,False,9909500,"R$ 99.095,00",7,2026
carro,017085-2,Renegade Sport T270 1.3 TB 4x2 Flex Aut.,Jeep,Flex,f,2023.0,False,9934500,"R$ 99.345,00",7,2026
carro,011231-3,AIRCROSS F. Pack 1.0 Flex TB 200 Aut.,Citroën,Flex,f,2025.0,False,9952300,"R$ 99.523,00",7,2026
carro,011230-5,AIRCROSS Shine 1.0 Flex TB 200 Aut.,Citroën,Flex,f,2024.0,False,9968700,"R$ 99.687,00",7,2026
carro,004537-3,CRUZE Midnight 1.4 16V TB Flex Aut.,GM - Chevrolet,Flex,f,2022.0,False,9969300,"R$ 99.693,00",7,2026
carro,004526-8,TRACKER 1.0 Turbo 12V Flex Aut. ,GM - Chevrolet,Flex,f,2024.0,False,9975000,"R$ 99.750,00",7,2026
carro,004499-7,ONIX SEDAN Plus 1.0 12V TB Flex Aut.,GM - Chevrolet,Flex,f,2026.0,False,9992100,"R$ 99.921,00",7,2026
carro,073025-4,Tiggo 7 TXS 1.5 16V Turbo Flex Aut.,Caoa Chery/Chery,Flex,f,2022.0,False,10012300,"R$ 100.123,00",7,2026
carro,005510-7,T-Cross 200 TSI 1.0  Flex 12V 5p Aut.,VW - VolksWagen,Flex,f,2023.0,False,10051700,"R$ 100.517,00",7,2026
carro,005525-5,Nivus Comfortline 1.0 200 TSI Flex Aut.,VW - VolksWagen,Flex,f,2023.0,False,10089500,"R$ 100.895,00",7,2026
carro,005520-4,T-Cross Sense 200 TSI 1.0 Flex 5p Aut.,VW - VolksWagen,Flex,f,2024.0,False,10091900,"R$ 100.919,00",7,2026
carro,004469-5,CRUZE LTZ 1.4 16V Turbo Flex 4p Aut.,GM - Chevrolet,Flex,f,2021.0,False,10092700,"R$ 100.927,00",7,2026
carro,001546-6,PULSE IMPETUS 1.0 TURBO 200 Flex Aut.,Fiat,Flex,f,2023.0,False,10105000,"R$ 101.050,00",7,2026
carro,025329-4,Kardian Prem. Ed Flex 1.0 TB 12V 5p Aut.,Renault,Flex,f,2024.0,False,10112000,"R$ 101.120,00",7,2026
carro,004522-5,TRACKER LT 1.0 Turbo 12V Flex Aut.,GM - Chevrolet,Flex,f,2024.0,False,10149900,"R$ 101.499,00",7,2026
carro,011229-1,C4 CACTUS NOIR 1.6 Turbo Flex Aut.,Citroën,Flex,f,2024.0,False,10153200,"R$ 101.532,00",7,2026
carro,004501-2,ONIX SEDAN Plus LT 1.0 12V TB Flex Aut.,GM - Chevrolet,Flex,f,2026.0,False,10162800,"R$ 101.628,00",7,2026
carro,025310-3,DUSTER Iconic 1.3 TB 16V Flex Aut.,Renault,Flex,f,2024.0,False,10192000,"R$ 101.920,00",7,2026
carro,004470-9,CRUZE LT 1.4 16V Turbo Flex 4p Aut.,GM - Chevrolet,Flex,f,2023.0,False,10212000,"R$ 102.120,00",7,2026
carro,004525-0,TRACKER Premier 1.2 Turbo 12V Flex Aut.,GM - Chevrolet,Flex,f,2021.0,False,10226100,"R$ 102.261,00",7,2026
carro,011230-5,AIRCROSS Shine 1.0 Flex TB 200 Aut.,Citroën,Flex,f,2025.0,False,10231700,"R$ 102.317,00",7,2026
carro,005526-3,Nivus Highline 1.0 200 TSI Flex Aut.,VW - VolksWagen,Flex,f,2021.0,False,10238900,"R$ 102.389,00",7,2026
carro,017088-7,Renegade Long. T270 1.3 TB 4x2 Flex Aut.,Jeep,Flex,f,2023.0,False,10240700,"R$ 102.407,00",7,2026
carro,015251-0,HB20 Limited 1.0 TB Flex 12V Aut.,Hyundai,Flex,f,2026.0,False,10247100,"R$ 102.471,00",7,2026
carro,005543-3,VIRTUS TSI 1.0 Flex 12V 4p Aut.,VW - VolksWagen,Flex,f,2025.0,False,10248200,"R$ 102.482,00",7,2026
carro,005509-3,T-Cross Comfor. 200 TSI 1.0 Flex 5p Aut.,VW - VolksWagen,Flex,f,2022.0,False,10263700,"R$ 102.637,00",7,2026
carro,011236-4,AIRCROSS7 Shine 1.0 Flex TB 200 Aut.,Citroën,Flex,f,2025.0,False,10265200,"R$ 102.652,00",7,2026
carro,017092-5,Renegade T270 1.3 TB 4x2 Flex Aut.,Jeep,Flex,f,2024.0,False,10268600,"R$ 102.686,00",7,2026
carro,017085-2,Renegade Sport T270 1.3 TB 4x2 Flex Aut.,Jeep,Flex,f,2024.0,False,10298200,"R$ 102.982,00",7,2026
carro,028074-7,S-CROSS 4STYLE-S ALLGRIP 1.4 TB 16V Aut.,Suzuki,Gasolina,g,2021.0,False,10319800,"R$ 103.198,00",7,2026
carro,004533-0,TRACKER Premier 1.0 Turbo 12V Flex Aut.,GM - Chevrolet,Flex,f,2023.0,False,10326000,"R$ 103.260,00",7,2026
carro,011232-1,AIRCROSS Feel 1.0 Flex Turbo 200 Aut.,Citroën,Flex,f,2026.0,False,10326300,"R$ 103.263,00",7,2026
carro,022182-1,Eclipse Cross GLS 1.5 16V TB 165cv Aut.,Mitsubishi,Gasolina,g,2021.0,False,10351800,"R$ 103.518,00",7,2026
carro,005548-4,Nivus Sense 1.0 200 TSI Flex Aut.,VW - VolksWagen,Flex,f,2024.0,False,10367900,"R$ 103.679,00",7,2026
carro,015238-2,HB20S Plat. Safety 1.0 TB Flex 12V Aut.,Hyundai,Flex,f,2025.0,False,10369300,"R$ 103.693,00",7,2026
carro,004515-2,ONIX HATCH LTZ 1.0 12V TB Flex 5p Aut.,GM - Chevrolet,Flex,f,2026.0,False,10412700,"R$ 104.127,00",7,2026
carro,025329-4,Kardian Prem. Ed Flex 1.0 TB 12V 5p Aut.,Renault,Flex,f,2025.0,False,10457300,"R$ 104.573,00",7,2026
carro,005535-2,Polo Comfortline TSI 1.0 Flex 12V Aut.,VW - VolksWagen,Flex,f,2026.0,False,10476000,"R$ 104.760,00",7,2026
carro,004543-8,TRACKER Midnight 1.0 Turbo 12V Flex Aut.,GM - Chevrolet,Flex,f,2024.0,False,10478200,"R$ 104.782,00",7,2026
carro,004525-0,TRACKER Premier 1.2 Turbo 12V Flex Aut.,GM - Chevrolet,Flex,f,2022.0,False,10481800,"R$ 104.818,00",7,2026
carro,011234-8,AIRCROSS7 Feel 1.0 Flex TB. 200 Aut.,Citroën,Flex,f,2026.0,False,10482700,"R$ 104.827,00",7,2026
carro,004526-8,TRACKER 1.0 Turbo 12V Flex Aut. ,GM - Chevrolet,Flex,f,2025.0,False,10498600,"R$ 104.986,00",7,2026
carro,001542-3,PULSE AUDACE 1.0 Turbo 200 Flex Aut.,Fiat,Flex,f,2025.0,False,10504400,"R$ 105.044,00",7,2026
carro,004509-8,CRUZE Premier 1.4 16V TB Flex Aut.,GM - Chevrolet,Flex,f,2021.0,False,10514600,"R$ 105.146,00",7,2026
carro,004479-2,CRUZE Sport LTZ 1.4 16V TB Flex 5p Aut.,GM - Chevrolet,Flex,f,2021.0,False,10519000,"R$ 105.190,00",7,2026
carro,015200-5,Creta Comfort 1.0 TB 12V Flex Aut.,Hyundai,Flex,f,2022.0,False,10535700,"R$ 105.357,00",7,2026
carro,004469-5,CRUZE LTZ 1.4 16V Turbo Flex 4p Aut.,GM - Chevrolet,Flex,f,2022.0,False,10539200,"R$ 105.392,00",7,2026
carro,005525-5,Nivus Comfortline 1.0 200 TSI Flex Aut.,VW - VolksWagen,Flex,f,2024.0,False,10543900,"R$ 105.439,00",7,2026
carro,025327-8,Kardian Evolut. Flex 1.0 TB 12V 5p Aut.,Renault,Flex,f,2026.0,False,10546000,"R$ 105.460,00",7,2026
carro,025323-5,DUSTER Iconic Plus 1.3 TB 16V Flex Aut.,Renault,Flex,f,2024.0,False,10548600,"R$ 105.486,00",7,2026
carro,005536-0,Polo Highline TSI 1.0 Flex 12V Aut.,VW - VolksWagen,Flex,f,2025.0,False,10557100,"R$ 105.571,00",7,2026
carro,015252-8,HB20S Limited 1.0  TB Flex 12V Aut.,Hyundai,Flex,f,2026.0,False,10564600,"R$ 105.646,00",7,2026
carro,011239-9,BASALT Feel 1.0 Flex TB 200 5p Aut.,Citroën,Flex,f,2026.0,False,10573000,"R$ 105.730,00",7,2026
carro,024246-2,2008 Griffe 1.6 Turbo Flex 16V 5p Aut.,Peugeot,Flex,f,2024.0,False,10599500,"R$ 105.995,00",7,2026
carro,004541-1,MONTANA LTZ 1.2 Turbo Flex 12V 4p Aut.,GM - Chevrolet,Flex,f,2023.0,False,10602700,"R$ 106.027,00",7,2026
carro,001592-0,PULSE 1.0 Turbo 200  Flex Aut.,Fiat,Flex,f,2026.0,False,10614700,"R$ 106.147,00",7,2026
carro,093004-0,Tiggo 7 Pro 1.6 Turbo 16V Aut.  ,Caoa Chery,Gasolina,g,2021.0,False,10623200,"R$ 106.232,00",7,2026
carro,004522-5,TRACKER LT 1.0 Turbo 12V Flex Aut.,GM - Chevrolet,Flex,f,2025.0,False,10623600,"R$ 106.236,00",7,2026
carro,093003-2,ARRIZO 6  PRO 1.5 Turbo Flex Aut.,Caoa Chery,Flex,f,2023.0,False,10634900,"R$ 106.349,00",7,2026
carro,011240-2,BASALT Shine 1.0 Flex TB 200 5p Aut.,Citroën,Flex,f,2026.0,False,10671800,"R$ 106.718,00",7,2026
carro,093014-8,Tiggo 5X SPORT 1.5 Turbo Flex Aut.,Caoa Chery,Flex,f,2024.0,False,10678600,"R$ 106.786,00",7,2026
carro,005510-7,T-Cross 200 TSI 1.0  Flex 12V 5p Aut.,VW - VolksWagen,Flex,f,2024.0,False,10681200,"R$ 106.812,00",7,2026
carro,025335-9,Kardian Authentic 1.0 TB 12V 5p Aut.,Renault,Flex,f,2026.0,False,10686700,"R$ 106.867,00",7,2026
carro,005526-3,Nivus Highline 1.0 200 TSI Flex Aut.,VW - VolksWagen,Flex,f,2022.0,False,10707300,"R$ 107.073,00",7,2026
carro,015251-0,HB20 Limited 1.0 TB Flex 12V Aut.,Hyundai,Flex,f,2027.0,False,10711200,"R$ 107.112,00",7,2026
carro,017092-5,Renegade T270 1.3 TB 4x2 Flex Aut.,Jeep,Flex,f,2025.0,False,10718600,"R$ 107.186,00",7,2026
carro,004532-2,TRACKER LTZ 1.0 Turbo 12V Flex Aut.,GM - Chevrolet,Flex,f,2024.0,False,10741400,"R$ 107.414,00",7,2026
carro,004502-0,ONIX SEDAN Plus LTZ 1.0 12V TB Flex Aut.,GM - Chevrolet,Flex,f,2026.0,False,10748200,"R$ 107.482,00",7,2026
carro,025308-1,CAPTUR Zen 1.3 TB 16V Flex 5p Aut.,Renault,Flex,f,2024.0,False,10754100,"R$ 107.541,00",7,2026
carro,004525-0,TRACKER Premier 1.2 Turbo 12V Flex Aut.,GM - Chevrolet,Flex,f,2023.0,False,10758900,"R$ 107.589,00",7,2026
carro,015203-0,Creta Limited 1.0 TB 12V Flex Aut.,Hyundai,Flex,f,2022.0,False,10760600,"R$ 107.606,00",7,2026
carro,004509-8,CRUZE Premier 1.4 16V TB Flex Aut.,GM - Chevrolet,Flex,f,2022.0,False,10777500,"R$ 107.775,00",7,2026
carro,093005-9,Tiggo 5X PRO 1.5 Turbo Flex Aut.,Caoa Chery,Flex,f,2023.0,False,10804700,"R$ 108.047,00",7,2026
carro,017072-0,COMPASS SPORT T270 1.3 TB 4x2 Flex Aut.,Jeep,Flex,f,2022.0,False,10820700,"R$ 108.207,00",7,2026
carro,011246-1,BASALT Dark Edition 1.0 TB 200 5p Aut.,Citroën,Flex,f,2026.0,False,10828000,"R$ 108.280,00",7,2026
carro,004542-0,MONTANA PREMIER 1.2 Turbo Flex 12V Aut.,GM - Chevrolet,Flex,f,2023.0,False,10834500,"R$ 108.345,00",7,2026
carro,015200-5,Creta Comfort 1.0 TB 12V Flex Aut.,Hyundai,Flex,f,2023.0,False,10847100,"R$ 108.471,00",7,2026
carro,025307-3,CAPTUR Intense 1.3 TB 16V Flex 5p Aut.,Renault,Flex,f,2024.0,False,10854100,"R$ 108.541,00",7,2026
carro,001546-6,PULSE IMPETUS 1.0 TURBO 200 Flex Aut.,Fiat,Flex,f,2024.0,False,10854600,"R$ 108.546,00",7,2026
carro,004510-1,CRUZE Sport Premier 1.4 16V TB Flex Aut.,GM - Chevrolet,Flex,f,2021.0,False,10877600,"R$ 108.776,00",7,2026
carro,005548-4,Nivus Sense 1.0 200 TSI Flex Aut.,VW - VolksWagen,Flex,f,2026.0,False,10890000,"R$ 108.900,00",7,2026
carro,022181-3,Eclipse Cross HPE 1.5 16V TB 165cv Aut.,Mitsubishi,Gasolina,g,2021.0,False,10911200,"R$ 109.112,00",7,2026
carro,004469-5,CRUZE LTZ 1.4 16V Turbo Flex 4p Aut.,GM - Chevrolet,Flex,f,2023.0,False,10923500,"R$ 109.235,00",7,2026
carro,004526-8,TRACKER 1.0 Turbo 12V Flex Aut. ,GM - Chevrolet,Flex,f,2026.0,False,10930100,"R$ 109.301,00",7,2026
carro,025311-1,OROCH Outsider 1.3Tce Flex Aut.,Renault,Flex,f,2024.0,False,10930600,"R$ 109.306,00",7,2026
carro,004479-2,CRUZE Sport LTZ 1.4 16V TB Flex 5p Aut.,GM - Chevrolet,Flex,f,2022.0,False,10931600,"R$ 109.316,00",7,2026
carro,005520-4,T-Cross Sense 200 TSI 1.0 Flex 5p Aut.,VW - VolksWagen,Flex,f,2025.0,False,10936400,"R$ 109.364,00",7,2026
carro,005509-3,T-Cross Comfor. 200 TSI 1.0 Flex 5p Aut.,VW - VolksWagen,Flex,f,2023.0,False,10945900,"R$ 109.459,00",7,2026
carro,024286-1,208 Allure 1.0 Turbo 200 5p Aut.,Peugeot,Flex,f,2026.0,False,10951300,"R$ 109.513,00",7,2026
carro,025306-5,CAPTUR Iconic 1.3 TB 16V Flex 5p Aut.,Renault,Flex,f,2024.0,False,10955600,"R$ 109.556,00",7,2026
carro,015209-9,HB20 Platinum 1.0 TB Flex 12V Aut.,Hyundai,Flex,f,2026.0,False,10969400,"R$ 109.694,00",7,2026
carro,004516-0,ONIX HATCH PREM. 1.0 12V TB Flex 5p Aut.,GM - Chevrolet,Flex,f,2026.0,False,10969800,"R$ 109.698,00",7,2026
carro,004541-1,MONTANA LTZ 1.2 Turbo Flex 12V 4p Aut.,GM - Chevrolet,Flex,f,2024.0,False,10979600,"R$ 109.796,00",7,2026
carro,024277-2,208 GT 1.0 Turbo Flex 5p Aut.,Peugeot,Flex,f,2025.0,False,10982200,"R$ 109.822,00",7,2026
carro,017087-9,Renegade S T270 1.3 TB 4x4 Flex Aut.,Jeep,Flex,f,2022.0,False,10998800,"R$ 109.988,00",7,2026
carro,017088-7,Renegade Long. T270 1.3 TB 4x2 Flex Aut.,Jeep,Flex,f,2024.0,False,11030700,"R$ 110.307,00",7,2026
carro,015138-6,Tucson GLS 1.6 Turbo 16V Aut.,Hyundai,Gasolina,g,2021.0,False,11040600,"R$ 110.406,00",7,2026
carro,001582-2,PULSE TRIBUTO 125 1.0 TB. 200 Flex Aut.,Fiat,Flex,f,2025.0,False,11049500,"R$ 110.495,00",7,2026
carro,017086-0,Renegade Trailhawk T270 1.3 TB Flex Aut.,Jeep,Flex,f,2022.0,False,11056300,"R$ 110.563,00",7,2026
carro,093014-8,Tiggo 5X SPORT 1.5 Turbo Flex Aut.,Caoa Chery,Flex,f,2025.0,False,11090600,"R$ 110.906,00",7,2026
carro,017085-2,Renegade Sport T270 1.3 TB 4x2 Flex Aut.,Jeep,Flex,f,2026.0,False,11120000,"R$ 111.200,00",7,2026
carro,003477-0,TERRITORY SEL 1.5 GTDi EcoBoost Aut.,Ford,Gasolina,g,2021.0,False,11145000,"R$ 111.450,00",7,2026
carro,001556-3,Fastback Limited Ed.1.3 270 T.Flex Aut.,Fiat,Flex,f,2023.0,False,11147400,"R$ 111.474,00",7,2026
carro,004536-5,CRUZE Sport RS 1.4 16V TB Flex 5p Aut.,GM - Chevrolet,Flex,f,2022.0,False,11163400,"R$ 111.634,00",7,2026
carro,004510-1,CRUZE Sport Premier 1.4 16V TB Flex Aut.,GM - Chevrolet,Flex,f,2022.0,False,11176900,"R$ 111.769,00",7,2026
carro,001559-8,PULSE ABARTH 1.3 Turbo 16V Flex Aut.,Fiat,Flex,f,2023.0,False,11177200,"R$ 111.772,00",7,2026
carro,022182-1,Eclipse Cross GLS 1.5 16V TB 165cv Aut.,Mitsubishi,Gasolina,g,2022.0,False,11184000,"R$ 111.840,00",7,2026
carro,005536-0,Polo Highline TSI 1.0 Flex 12V Aut.,VW - VolksWagen,Flex,f,2026.0,False,11201100,"R$ 112.011,00",7,2026
carro,004542-0,MONTANA PREMIER 1.2 Turbo Flex 12V Aut.,GM - Chevrolet,Flex,f,2024.0,False,11214200,"R$ 112.142,00",7,2026
carro,005526-3,Nivus Highline 1.0 200 TSI Flex Aut.,VW - VolksWagen,Flex,f,2023.0,False,11235300,"R$ 112.353,00",7,2026
carro,015203-0,Creta Limited 1.0 TB 12V Flex Aut.,Hyundai,Flex,f,2023.0,False,11245300,"R$ 112.453,00",7,2026
carro,004530-6,ONIX HATCH RS 1.0 TB 12V Flex 5p Aut.,GM - Chevrolet,Flex,f,2026.0,False,11246800,"R$ 112.468,00",7,2026
carro,015200-5,Creta Comfort 1.0 TB 12V Flex Aut.,Hyundai,Flex,f,2024.0,False,11259900,"R$ 112.599,00",7,2026
carro,015258-7,Creta Action 1.0 TB 12V Aut.,Hyundai,Flex,f,2026.0,False,11261800,"R$ 112.618,00",7,2026
carro,004526-8,TRACKER 1.0 Turbo 12V Flex Aut. ,GM - Chevrolet,Flex,f,2027.0,False,11263300,"R$ 112.633,00",7,2026
carro,015244-7,Creta Comfort Plus 1.0 TB 12V Flex Aut.,Hyundai,Flex,f,2024.0,False,11270000,"R$ 112.700,00",7,2026
carro,004546-2,MONTANA RS 1.2 Turbo Flex 12V Aut.,GM - Chevrolet,Flex,f,2024.0,False,11271700,"R$ 112.717,00",7,2026
carro,015206-4,HB20S Platinum 1.0 TB Flex 12V Aut.,Hyundai,Flex,f,2026.0,False,11292200,"R$ 112.922,00",7,2026
carro,005520-4,T-Cross Sense 200 TSI 1.0 Flex 5p Aut.,VW - VolksWagen,Flex,f,2026.0,False,11320100,"R$ 113.201,00",7,2026
carro,022181-3,Eclipse Cross HPE 1.5 16V TB 165cv Aut.,Mitsubishi,Gasolina,g,2022.0,False,11342200,"R$ 113.422,00",7,2026
carro,005543-3,VIRTUS TSI 1.0 Flex 12V 4p Aut.,VW - VolksWagen,Flex,f,2026.0,False,11347100,"R$ 113.471,00",7,2026
carro,004502-0,ONIX SEDAN Plus LTZ 1.0 12V TB Flex Aut.,GM - Chevrolet,Flex,f,2027.0,False,11353500,"R$ 113.535,00",7,2026
carro,004509-8,CRUZE Premier 1.4 16V TB Flex Aut.,GM - Chevrolet,Flex,f,2023.0,False,11356200,"R$ 113.562,00",7,2026
carro,015209-9,HB20 Platinum 1.0 TB Flex 12V Aut.,Hyundai,Flex,f,2027.0,False,11399000,"R$ 113.990,00",7,2026
carro,015138-6,Tucson GLS 1.6 Turbo 16V Aut.,Hyundai,Gasolina,g,2022.0,False,11399400,"R$ 113.994,00",7,2026
carro,015252-8,HB20S Limited 1.0  TB Flex 12V Aut.,Hyundai,Flex,f,2027.0,False,11410000,"R$ 114.100,00",7,2026
carro,015152-1,Tucson Limited 1.6 Turbo 16V Aut.,Hyundai,Gasolina,g,2021.0,False,11413500,"R$ 114.135,00",7,2026
carro,024274-8,2008 Active 1.0 Turbo Flex 5p Aut.,Peugeot,Flex,f,2025.0,False,11427000,"R$ 114.270,00",7,2026
carro,017103-4,Renegade Sport Altitude 1.3 TB Flex Aut.,Jeep,Flex,f,2025.0,False,11456000,"R$ 114.560,00",7,2026
carro,003478-9,TERRITORY Titanium 1.5 GTDi EcoBo. Aut.,Ford,Gasolina,g,2021.0,False,11471200,"R$ 114.712,00",7,2026
carro,017087-9,Renegade S T270 1.3 TB 4x4 Flex Aut.,Jeep,Flex,f,2023.0,False,11480500,"R$ 114.805,00",7,2026
carro,022182-1,Eclipse Cross GLS 1.5 16V TB 165cv Aut.,Mitsubishi,Gasolina,g,2023.0,False,11495500,"R$ 114.955,00",7,2026
carro,093005-9,Tiggo 5X PRO 1.5 Turbo Flex Aut.,Caoa Chery,Flex,f,2024.0,False,11520200,"R$ 115.202,00",7,2026
carro,025328-6,Kardian Techno Flex 1.0 TB 12V 5p Aut.,Renault,Flex,f,2026.0,False,11531400,"R$ 115.314,00",7,2026
carro,004537-3,CRUZE Midnight 1.4 16V TB Flex Aut.,GM - Chevrolet,Flex,f,2023.0,False,11532100,"R$ 115.321,00",7,2026
carro,028076-3,Vitara 4STYLE ALLGRIP 1.4 TB 16V Aut.,Suzuki,Gasolina,g,2021.0,False,11532400,"R$ 115.324,00",7,2026
carro,025323-5,DUSTER Iconic Plus 1.3 TB 16V Flex Aut.,Renault,Flex,f,2025.0,False,11538900,"R$ 115.389,00",7,2026
carro,028068-2,Vitara 4SPORT ALLGRIP 1.4 TB 16V Aut.,Suzuki,Gasolina,g,2021.0,False,11597700,"R$ 115.977,00",7,2026
carro,017072-0,COMPASS SPORT T270 1.3 TB 4x2 Flex Aut.,Jeep,Flex,f,2023.0,False,11621900,"R$ 116.219,00",7,2026
carro,017105-0,Renegade Altitude T270 1.3 TB Flex Aut.,Jeep,Flex,f,2026.0,False,11632800,"R$ 116.328,00",7,2026
carro,093014-8,Tiggo 5X SPORT 1.5 Turbo Flex Aut.,Caoa Chery,Flex,f,2026.0,False,11659100,"R$ 116.591,00",7,2026
carro,015202-1,Creta Platinum 1.0 TB 12V Flex Aut.,Hyundai,Flex,f,2022.0,False,11673700,"R$ 116.737,00",7,2026
carro,001546-6,PULSE IMPETUS 1.0 TURBO 200 Flex Aut.,Fiat,Flex,f,2025.0,False,11684900,"R$ 116.849,00",7,2026
carro,005526-3,Nivus Highline 1.0 200 TSI Flex Aut.,VW - VolksWagen,Flex,f,2024.0,False,11689300,"R$ 116.893,00",7,2026
carro,004532-2,TRACKER LTZ 1.0 Turbo 12V Flex Aut.,GM - Chevrolet,Flex,f,2025.0,False,11719300,"R$ 117.193,00",7,2026
carro,004544-6,TRACKER RS 1.2 Turbo 12V Flex Aut.,GM - Chevrolet,Flex,f,2024.0,False,11727300,"R$ 117.273,00",7,2026
carro,004525-0,TRACKER Premier 1.2 Turbo 12V Flex Aut.,GM - Chevrolet,Flex,f,2024.0,False,11750200,"R$ 117.502,00",7,2026
carro,024274-8,2008 Active 1.0 Turbo Flex 5p Aut.,Peugeot,Flex,f,2026.0,False,11751400,"R$ 117.514,00",7,2026
carro,015203-0,Creta Limited 1.0 TB 12V Flex Aut.,Hyundai,Flex,f,2024.0,False,11772000,"R$ 117.720,00",7,2026
carro,017086-0,Renegade Trailhawk T270 1.3 TB Flex Aut.,Jeep,Flex,f,2023.0,False,11794700,"R$ 117.947,00",7,2026
carro,005509-3,T-Cross Comfor. 200 TSI 1.0 Flex 5p Aut.,VW - VolksWagen,Flex,f,2024.0,False,11804300,"R$ 118.043,00",7,2026
carro,005527-1,TAOS Comfortline 1.4 250 TSI Flex Aut.,VW - VolksWagen,Flex,f,2022.0,False,11806900,"R$ 118.069,00",7,2026
carro,015243-9,Creta Limit. Safety 1.0 TB 12V Flex Aut.,Hyundai,Flex,f,2024.0,False,11811600,"R$ 118.116,00",7,2026
carro,004541-1,MONTANA LTZ 1.2 Turbo Flex 12V 4p Aut.,GM - Chevrolet,Flex,f,2025.0,False,11818200,"R$ 118.182,00",7,2026
carro,011236-4,AIRCROSS7 Shine 1.0 Flex TB 200 Aut.,Citroën,Flex,f,2026.0,False,11823000,"R$ 118.230,00",7,2026
carro,015261-7,I20 Limited 1.0 Turbo 12V Aut.,Hyundai,Flex,f,2027.0,False,11837200,"R$ 118.372,00",7,2026
carro,001559-8,PULSE ABARTH 1.3 Turbo 16V Flex Aut.,Fiat,Flex,f,2024.0,False,11860300,"R$ 118.603,00",7,2026
carro,017088-7,Renegade Long. T270 1.3 TB 4x2 Flex Aut.,Jeep,Flex,f,2025.0,False,11863800,"R$ 118.638,00",7,2026
carro,022181-3,Eclipse Cross HPE 1.5 16V TB 165cv Aut.,Mitsubishi,Gasolina,g,2023.0,False,11868700,"R$ 118.687,00",7,2026
carro,025334-0,Kardian Iconic 1.0 TB 12V 5p Aut.,Renault,Flex,f,2026.0,False,11880600,"R$ 118.806,00",7,2026
carro,015152-1,Tucson Limited 1.6 Turbo 16V Aut.,Hyundai,Gasolina,g,2022.0,False,11902000,"R$ 119.020,00",7,2026
carro,022170-8,Eclipse Cross HPE-S 1.5 16V TB 165cv Aut.,Mitsubishi,Gasolina,g,2021.0,False,11904500,"R$ 119.045,00",7,2026
carro,011248-8,AIRCROSS7 XTR 1.0 TB. 200 Aut.,Citroën,Flex,f,2026.0,False,11909300,"R$ 119.093,00",7,2026
carro,005510-7,T-Cross 200 TSI 1.0  Flex 12V 5p Aut.,VW - VolksWagen,Flex,f,2025.0,False,11919300,"R$ 119.193,00",7,2026
carro,017072-0,COMPASS SPORT T270 1.3 TB 4x2 Flex Aut.,Jeep,Flex,f,2024.0,False,11923900,"R$ 119.239,00",7,2026
carro,025311-1,OROCH Outsider 1.3Tce Flex Aut.,Renault,Flex,f,2025.0,False,11926400,"R$ 119.264,00",7,2026
carro,024275-6,2008 Allure 1.0 Turbo Flex 5p Aut.,Peugeot,Flex,f,2025.0,False,11926900,"R$ 119.269,00",7,2026
carro,004542-0,MONTANA PREMIER 1.2 Turbo Flex 12V Aut.,GM - Chevrolet,Flex,f,2025.0,False,11965400,"R$ 119.654,00",7,2026
carro,015202-1,Creta Platinum 1.0 TB 12V Flex Aut.,Hyundai,Flex,f,2023.0,False,11976500,"R$ 119.765,00",7,2026
carro,004546-2,MONTANA RS 1.2 Turbo Flex 12V Aut.,GM - Chevrolet,Flex,f,2025.0,False,11989400,"R$ 119.894,00",7,2026
carro,001556-3,Fastback Limited Ed.1.3 270 T.Flex Aut.,Fiat,Flex,f,2024.0,False,11998700,"R$ 119.987,00",7,2026
carro,001570-9,Strada Ranch 1.0 Flex Turbo CD Aut.,Fiat,Flex,f,2024.0,False,12007300,"R$ 120.073,00",7,2026
carro,017071-2,COMPASS LONG. T270 1.3 TB 4x2 Flex Aut.,Jeep,Flex,f,2022.0,False,12008200,"R$ 120.082,00",7,2026
carro,073029-7,Tiggo 8 TXS 1.6 16V TGDi Aut.,Caoa Chery/Chery,Gasolina,g,2021.0,False,12014400,"R$ 120.144,00",7,2026
carro,015244-7,Creta Comfort Plus 1.0 TB 12V Flex Aut.,Hyundai,Flex,f,2025.0,False,12017200,"R$ 120.172,00",7,2026
carro,001571-7,Strada Ultra 1.0 Flex Turbo CD Aut.,Fiat,Flex,f,2024.0,False,12063600,"R$ 120.636,00",7,2026
carro,015262-5,I20 X Line 1.0 Turbo 12V Aut.,Hyundai,Flex,f,2027.0,False,12075300,"R$ 120.753,00",7,2026
carro,015138-6,Tucson GLS 1.6 Turbo 16V Aut.,Hyundai,Gasolina,g,2023.0,False,12091000,"R$ 120.910,00",7,2026
carro,005525-5,Nivus Comfortline 1.0 200 TSI Flex Aut.,VW - VolksWagen,Flex,f,2025.0,False,12168200,"R$ 121.682,00",7,2026
carro,003478-9,TERRITORY Titanium 1.5 GTDi EcoBo. Aut.,Ford,Gasolina,g,2022.0,False,12175200,"R$ 121.752,00",7,2026
carro,022197-0,Eclipse Cross HPE-S Sport 1.5 16V TB 165cv Aut.,Mitsubishi,Gasolina,g,2022.0,False,12189500,"R$ 121.895,00",7,2026
carro,093005-9,Tiggo 5X PRO 1.5 Turbo Flex Aut.,Caoa Chery,Flex,f,2025.0,False,12192900,"R$ 121.929,00",7,2026
carro,004565-9,Sonic Premier 1.0 12V Turbo Aut.,GM - Chevrolet,Flex,f,2027.0,False,12195600,"R$ 121.956,00",7,2026
carro,022170-8,Eclipse Cross HPE-S 1.5 16V TB 165cv Aut.,Mitsubishi,Gasolina,g,2022.0,False,12202200,"R$ 122.022,00",7,2026
carro,015200-5,Creta Comfort 1.0 TB 12V Flex Aut.,Hyundai,Flex,f,2025.0,False,12205000,"R$ 122.050,00",7,2026
carro,015206-4,HB20S Platinum 1.0 TB Flex 12V Aut.,Hyundai,Flex,f,2027.0,False,12214800,"R$ 122.148,00",7,2026
carro,022169-4,Eclipse Cross HPE-S 1.5 16V AWC TB 165cv Aut.,Mitsubishi,Gasolina,g,2021.0,False,12264600,"R$ 122.646,00",7,2026
carro,093014-8,Tiggo 5X SPORT 1.5 Turbo Flex Aut.,Caoa Chery,Flex,f,2027.0,False,12325100,"R$ 123.251,00",7,2026
carro,025323-5,DUSTER Iconic Plus 1.3 TB 16V Flex Aut.,Renault,Flex,f,2026.0,False,12336300,"R$ 123.363,00",7,2026
carro,001570-9,Strada Ranch 1.0 Flex Turbo CD Aut.,Fiat,Flex,f,2025.0,False,12342900,"R$ 123.429,00",7,2026
carro,017087-9,Renegade S T270 1.3 TB 4x4 Flex Aut.,Jeep,Flex,f,2024.0,False,12370100,"R$ 123.701,00",7,2026
carro,004536-5,CRUZE Sport RS 1.4 16V TB Flex 5p Aut.,GM - Chevrolet,Flex,f,2023.0,False,12373300,"R$ 123.733,00",7,2026
carro,004522-5,TRACKER LT 1.0 Turbo 12V Flex Aut.,GM - Chevrolet,Flex,f,2026.0,False,12416500,"R$ 124.165,00",7,2026
carro,093004-0,Tiggo 7 Pro 1.6 Turbo 16V Aut.  ,Caoa Chery,Gasolina,g,2022.0,False,12437800,"R$ 124.378,00",7,2026
carro,001559-8,PULSE ABARTH 1.3 Turbo 16V Flex Aut.,Fiat,Flex,f,2025.0,False,12446100,"R$ 124.461,00",7,2026
carro,093017-2,Tiggo 7 SPORT 1.5 Turbo Flex 16V Aut.  ,Caoa Chery,Flex,f,2025.0,False,12504200,"R$ 125.042,00",7,2026
carro,017086-0,Renegade Trailhawk T270 1.3 TB Flex Aut.,Jeep,Flex,f,2024.0,False,12508600,"R$ 125.086,00",7,2026
carro,017105-0,Renegade Altitude T270 1.3 TB Flex Aut.,Jeep,Flex,f,2027.0,False,12515500,"R$ 125.155,00",7,2026
carro,028068-2,Vitara 4SPORT ALLGRIP 1.4 TB 16V Aut.,Suzuki,Gasolina,g,2022.0,False,12522100,"R$ 125.221,00",7,2026
carro,022169-4,Eclipse Cross HPE-S 1.5 16V AWC TB 165cv Aut.,Mitsubishi,Gasolina,g,2022.0,False,12571300,"R$ 125.713,00",7,2026
carro,001572-5,Fastback ABARTH Turbo Flex 1.3 Aut.,Fiat,Flex,f,2024.0,False,12607000,"R$ 126.070,00",7,2026
carro,015263-3,I20 Platinum 1.0 Turbo 12V Aut.,Hyundai,Flex,f,2027.0,False,12610600,"R$ 126.106,00",7,2026
carro,073029-7,Tiggo 8 TXS 1.6 16V TGDi Aut.,Caoa Chery/Chery,Gasolina,g,2022.0,False,12633200,"R$ 126.332,00",7,2026
carro,028076-3,Vitara 4STYLE ALLGRIP 1.4 TB 16V Aut.,Suzuki,Gasolina,g,2022.0,False,12679900,"R$ 126.799,00",7,2026
carro,001571-7,Strada Ultra 1.0 Flex Turbo CD Aut.,Fiat,Flex,f,2025.0,False,12785600,"R$ 127.856,00",7,2026
carro,004544-6,TRACKER RS 1.2 Turbo 12V Flex Aut.,GM - Chevrolet,Flex,f,2025.0,False,12789400,"R$ 127.894,00",7,2026
carro,004525-0,TRACKER Premier 1.2 Turbo 12V Flex Aut.,GM - Chevrolet,Flex,f,2025.0,False,12807600,"R$ 128.076,00",7,2026
carro,005525-5,Nivus Comfortline 1.0 200 TSI Flex Aut.,VW - VolksWagen,Flex,f,2026.0,False,12810200,"R$ 128.102,00",7,2026
carro,304009-7,"GS3 Premium 1,5 16V Turbo Aut.",GAC,Gasolina,g,2027.0,False,12818000,"R$ 128.180,00",7,2026
carro,015203-0,Creta Limited 1.0 TB 12V Flex Aut.,Hyundai,Flex,f,2025.0,False,12818100,"R$ 128.181,00",7,2026
carro,005510-7,T-Cross 200 TSI 1.0  Flex 12V 5p Aut.,VW - VolksWagen,Flex,f,2026.0,False,12843300,"R$ 128.433,00",7,2026
carro,015212-9,Creta N Line 1.0 TB 12V Flex Aut.,Hyundai,Flex,f,2023.0,False,12849600,"R$ 128.496,00",7,2026
carro,024288-8,2008 Allure 1.0 Turbo 200 5p Aut.,Peugeot,Flex,f,2026.0,False,12874000,"R$ 128.740,00",7,2026
carro,017071-2,COMPASS LONG. T270 1.3 TB 4x2 Flex Aut.,Jeep,Flex,f,2023.0,False,12906100,"R$ 129.061,00",7,2026
carro,005527-1,TAOS Comfortline 1.4 250 TSI Flex Aut.,VW - VolksWagen,Flex,f,2023.0,False,12913300,"R$ 129.133,00",7,2026
carro,001556-3,Fastback Limited Ed.1.3 270 T.Flex Aut.,Fiat,Flex,f,2025.0,False,12918100,"R$ 129.181,00",7,2026
carro,015243-9,Creta Limit. Safety 1.0 TB 12V Flex Aut.,Hyundai,Flex,f,2025.0,False,12958900,"R$ 129.589,00",7,2026
carro,093004-0,Tiggo 7 Pro 1.6 Turbo 16V Aut.  ,Caoa Chery,Gasolina,g,2023.0,False,12971000,"R$ 129.710,00",7,2026
carro,005526-3,Nivus Highline 1.0 200 TSI Flex Aut.,VW - VolksWagen,Flex,f,2025.0,False,12983100,"R$ 129.831,00",7,2026
carro,004522-5,TRACKER LT 1.0 Turbo 12V Flex Aut.,GM - Chevrolet,Flex,f,2027.0,False,13014000,"R$ 130.140,00",7,2026
carro,071029-6,COOPER 1.5 Turbo 12V 3p Aut.,MINI,Gasolina,g,2021.0,False,13031400,"R$ 130.314,00",7,2026
carro,093011-3,Tiggo 7 Pro Max Drive 1.6 Turbo 16V Aut.,Caoa Chery,Gasolina,g,2023.0,False,13052600,"R$ 130.526,00",7,2026
carro,093005-9,Tiggo 5X PRO 1.5 Turbo Flex Aut.,Caoa Chery,Flex,f,2026.0,False,13066500,"R$ 130.665,00",7,2026
carro,004529-2,EQUINOX Premier 1.5 Turbo 172cv Aut.,GM - Chevrolet,Gasolina,g,2021.0,False,13075200,"R$ 130.752,00",7,2026
carro,022182-1,Eclipse Cross GLS 1.5 16V TB 165cv Aut.,Mitsubishi,Gasolina,g,2024.0,False,13083200,"R$ 130.832,00",7,2026
carro,014102-0,HR-V Touring 1.5 Flex TB 16V 5p Aut.,Honda,Flex,f,2021.0,False,13109800,"R$ 131.098,00",7,2026
carro,015264-1,I20 Ultimate 1.0 Turbo 12V Aut.,Hyundai,Flex,f,2027.0,False,13112800,"R$ 131.128,00",7,2026
carro,004566-7,Sonic RS 1.0 12V Turbo Aut.,GM - Chevrolet,Flex,f,2027.0,False,13188500,"R$ 131.885,00",7,2026
carro,004538-1,EQUINOX RS 1.5 Turbo  Aut.,GM - Chevrolet,Gasolina,g,2022.0,False,13208400,"R$ 132.084,00",7,2026
carro,015200-5,Creta Comfort 1.0 TB 12V Flex Aut.,Hyundai,Flex,f,2026.0,False,13211400,"R$ 132.114,00",7,2026
carro,015237-4,Creta Plat. Safety 1.0 TB 12V Flex Aut.,Hyundai,Flex,f,2024.0,False,13225100,"R$ 132.251,00",7,2026
carro,093017-2,Tiggo 7 SPORT 1.5 Turbo Flex 16V Aut.  ,Caoa Chery,Flex,f,2026.0,False,13226000,"R$ 132.260,00",7,2026
carro,005509-3,T-Cross Comfor. 200 TSI 1.0 Flex 5p Aut.,VW - VolksWagen,Flex,f,2025.0,False,13232100,"R$ 132.321,00",7,2026
carro,015202-1,Creta Platinum 1.0 TB 12V Flex Aut.,Hyundai,Flex,f,2024.0,False,13235200,"R$ 132.352,00",7,2026
carro,015138-6,Tucson GLS 1.6 Turbo 16V Aut.,Hyundai,Gasolina,g,2024.0,False,13252600,"R$ 132.526,00",7,2026
carro,017086-0,Renegade Trailhawk T270 1.3 TB Flex Aut.,Jeep,Flex,f,2025.0,False,13308800,"R$ 133.088,00",7,2026
carro,005528-0,TAOS Highline 1.4 250 TSI Flex Aut.,VW - VolksWagen,Flex,f,2022.0,False,13387900,"R$ 133.879,00",7,2026
carro,017072-0,COMPASS SPORT T270 1.3 TB 4x2 Flex Aut.,Jeep,Flex,f,2025.0,False,13453500,"R$ 134.535,00",7,2026
carro,001570-9,Strada Ranch 1.0 Flex Turbo CD Aut.,Fiat,Flex,f,2026.0,False,13474400,"R$ 134.744,00",7,2026
carro,001571-7,Strada Ultra 1.0 Flex Turbo CD Aut.,Fiat,Flex,f,2026.0,False,13495800,"R$ 134.958,00",7,2026
carro,022170-8,Eclipse Cross HPE-S 1.5 16V TB 165cv Aut.,Mitsubishi,Gasolina,g,2023.0,False,13505800,"R$ 135.058,00",7,2026
carro,015255-2,Creta Comfort Safety 1.0 TB 12V Aut.,Hyundai,Flex,f,2026.0,False,13509400,"R$ 135.094,00",7,2026
carro,003478-9,TERRITORY Titanium 1.5 GTDi EcoBo. Aut.,Ford,Gasolina,g,2023.0,False,13511200,"R$ 135.112,00",7,2026
carro,073029-7,Tiggo 8 TXS 1.6 16V TGDi Aut.,Caoa Chery/Chery,Gasolina,g,2023.0,False,13538600,"R$ 135.386,00",7,2026
carro,017088-7,Renegade Long. T270 1.3 TB 4x2 Flex Aut.,Jeep,Flex,f,2026.0,False,13545900,"R$ 135.459,00",7,2026
carro,005529-8,TAOS Launching Ed. 1.4 250 TSI Flex Aut.,VW - VolksWagen,Flex,f,2022.0,False,13588100,"R$ 135.881,00",7,2026
carro,024276-4,2008 GT 1.0 Turbo Flex 5p Aut.,Peugeot,Flex,f,2025.0,False,13594100,"R$ 135.941,00",7,2026
carro,015212-9,Creta N Line 1.0 TB 12V Flex Aut.,Hyundai,Flex,f,2024.0,False,13597400,"R$ 135.974,00",7,2026
carro,015200-5,Creta Comfort 1.0 TB 12V Flex Aut.,Hyundai,Flex,f,2027.0,False,13632600,"R$ 136.326,00",7,2026
carro,004541-1,MONTANA LTZ 1.2 Turbo Flex 12V 4p Aut.,GM - Chevrolet,Flex,f,2026.0,False,13643700,"R$ 136.437,00",7,2026
carro,017071-2,COMPASS LONG. T270 1.3 TB 4x2 Flex Aut.,Jeep,Flex,f,2024.0,False,13644500,"R$ 136.445,00",7,2026
carro,001572-5,Fastback ABARTH Turbo Flex 1.3 Aut.,Fiat,Flex,f,2025.0,False,13658300,"R$ 136.583,00",7,2026
carro,093013-0,Tiggo 8 Max Drive 1.6 Turbo Aut.,Caoa Chery,Gasolina,g,2023.0,False,13660900,"R$ 136.609,00",7,2026
carro,004538-1,EQUINOX RS 1.5 Turbo  Aut.,GM - Chevrolet,Gasolina,g,2023.0,False,13758000,"R$ 137.580,00",7,2026
carro,005526-3,Nivus Highline 1.0 200 TSI Flex Aut.,VW - VolksWagen,Flex,f,2026.0,False,13788400,"R$ 137.884,00",7,2026
carro,004542-0,MONTANA PREMIER 1.2 Turbo Flex 12V Aut.,GM - Chevrolet,Flex,f,2026.0,False,13801300,"R$ 138.013,00",7,2026
carro,024176-8,3008 Griffe 1.6 Turbo 16V 5p Aut.,Peugeot,Gasolina,g,2022.0,False,13819600,"R$ 138.196,00",7,2026
carro,004546-2,MONTANA RS 1.2 Turbo Flex 12V Aut.,GM - Chevrolet,Flex,f,2026.0,False,13821300,"R$ 138.213,00",7,2026
carro,093005-9,Tiggo 5X PRO 1.5 Turbo Flex Aut.,Caoa Chery,Flex,f,2027.0,False,13867500,"R$ 138.675,00",7,2026
carro,022169-4,Eclipse Cross HPE-S 1.5 16V AWC TB 165cv Aut.,Mitsubishi,Gasolina,g,2023.0,False,13899400,"R$ 138.994,00",7,2026
carro,093011-3,Tiggo 7 Pro Max Drive 1.6 Turbo 16V Aut.,Caoa Chery,Gasolina,g,2024.0,False,13961000,"R$ 139.610,00",7,2026
carro,017074-7,COMPASS S T270 1.3 TB 4x2 Flex Aut.,Jeep,Flex,f,2022.0,False,14012000,"R$ 140.120,00",7,2026
carro,093006-7,Tiggo 8 FOUNDER S EDITION 1.6 TGDi Aut.,Caoa Chery,Gasolina,g,2023.0,False,14028600,"R$ 140.286,00",7,2026
carro,093017-2,Tiggo 7 SPORT 1.5 Turbo Flex 16V Aut.  ,Caoa Chery,Flex,f,2027.0,False,14033800,"R$ 140.338,00",7,2026
carro,071033-4,COOPER 1.5 Turbo 12V 5p Aut.,MINI,Gasolina,g,2021.0,False,14041300,"R$ 140.413,00",7,2026
carro,001559-8,PULSE ABARTH 1.3 Turbo 16V Flex Aut.,Fiat,Flex,f,2026.0,False,14044500,"R$ 140.445,00",7,2026
carro,025323-5,DUSTER Iconic Plus 1.3 TB 16V Flex Aut.,Renault,Flex,f,2027.0,False,14080900,"R$ 140.809,00",7,2026
carro,001571-7,Strada Ultra 1.0 Flex Turbo CD Aut.,Fiat,Flex,f,2027.0,False,14119000,"R$ 141.190,00",7,2026
carro,001570-9,Strada Ranch 1.0 Flex Turbo CD Aut.,Fiat,Flex,f,2027.0,False,14152100,"R$ 141.521,00",7,2026
carro,005527-1,TAOS Comfortline 1.4 250 TSI Flex Aut.,VW - VolksWagen,Flex,f,2024.0,False,14161300,"R$ 141.613,00",7,2026
carro,017072-0,COMPASS SPORT T270 1.3 TB 4x2 Flex Aut.,Jeep,Flex,f,2026.0,False,14169900,"R$ 141.699,00",7,2026
carro,004532-2,TRACKER LTZ 1.0 Turbo 12V Flex Aut.,GM - Chevrolet,Flex,f,2026.0,False,14172800,"R$ 141.728,00",7,2026
carro,022181-3,Eclipse Cross HPE 1.5 16V TB 165cv Aut.,Mitsubishi,Gasolina,g,2024.0,False,14257500,"R$ 142.575,00",7,2026
carro,005528-0,TAOS Highline 1.4 250 TSI Flex Aut.,VW - VolksWagen,Flex,f,2023.0,False,14290200,"R$ 142.902,00",7,2026
carro,023194-0,KICKS Sense 1.0 Turbo Flex Aut.,Nissan,Flex,f,2026.0,False,14326000,"R$ 143.260,00",7,2026
carro,015237-4,Creta Plat. Safety 1.0 TB 12V Flex Aut.,Hyundai,Flex,f,2025.0,False,14378800,"R$ 143.788,00",7,2026
carro,004529-2,EQUINOX Premier 1.5 Turbo 172cv Aut.,GM - Chevrolet,Gasolina,g,2022.0,False,14380200,"R$ 143.802,00",7,2026
carro,024176-8,3008 Griffe 1.6 Turbo 16V 5p Aut.,Peugeot,Gasolina,g,2023.0,False,14422400,"R$ 144.224,00",7,2026
carro,015202-1,Creta Platinum 1.0 TB 12V Flex Aut.,Hyundai,Flex,f,2025.0,False,14426300,"R$ 144.263,00",7,2026
carro,015203-0,Creta Limited 1.0 TB 12V Flex Aut.,Hyundai,Flex,f,2026.0,False,14496900,"R$ 144.969,00",7,2026
carro,001556-3,Fastback Limited Ed.1.3 270 T.Flex Aut.,Fiat,Flex,f,2026.0,False,14497900,"R$ 144.979,00",7,2026
carro,304010-0,"GS3 Elite 1,5 16V Turbo Aut.",GAC,Gasolina,g,2027.0,False,14511300,"R$ 145.113,00",7,2026
carro,004532-2,TRACKER LTZ 1.0 Turbo 12V Flex Aut.,GM - Chevrolet,Flex,f,2027.0,False,14569400,"R$ 145.694,00",7,2026
carro,004541-1,MONTANA LTZ 1.2 Turbo Flex 12V 4p Aut.,GM - Chevrolet,Flex,f,2027.0,False,14581000,"R$ 145.810,00",7,2026
carro,015152-1,Tucson Limited 1.6 Turbo 16V Aut.,Hyundai,Gasolina,g,2023.0,False,14585500,"R$ 145.855,00",7,2026
carro,005509-3,T-Cross Comfor. 200 TSI 1.0 Flex 5p Aut.,VW - VolksWagen,Flex,f,2026.0,False,14651900,"R$ 146.519,00",7,2026
carro,017071-2,COMPASS LONG. T270 1.3 TB 4x2 Flex Aut.,Jeep,Flex,f,2025.0,False,14656700,"R$ 146.567,00",7,2026
carro,014111-9,HR-V Advance 1.5  Flex TB 16V 5p Aut.,Honda,Flex,f,2023.0,False,14669800,"R$ 146.698,00",7,2026
carro,017081-0,Commander Limited T270 1.3 TB Flex Aut.,Jeep,Flex,f,2022.0,False,14715500,"R$ 147.155,00",7,2026
carro,071030-0,COOPER S 2.0 Turbo 16v 3p Aut.,MINI,Gasolina,g,2021.0,False,14854100,"R$ 148.541,00",7,2026
carro,093011-3,Tiggo 7 Pro Max Drive 1.6 Turbo 16V Aut.,Caoa Chery,Gasolina,g,2025.0,False,14906700,"R$ 149.067,00",7,2026
carro,071037-7,COOPER Countryman 1.5 Turbo Aut.,MINI,Gasolina,g,2021.0,False,14914700,"R$ 149.147,00",7,2026
carro,022170-8,Eclipse Cross HPE-S 1.5 16V TB 165cv Aut.,Mitsubishi,Gasolina,g,2024.0,False,14915200,"R$ 149.152,00",7,2026
carro,014089-9,Civic Sedan TOURING 1.5 Turbo 16V Aut.4p,Honda,Gasolina,g,2021.0,False,14922800,"R$ 149.228,00",7,2026
carro,093006-7,Tiggo 8 FOUNDER S EDITION 1.6 TGDi Aut.,Caoa Chery,Gasolina,g,2024.0,False,14990300,"R$ 149.903,00",7,2026
